<?xml version="1.0"?>
<psalm
    totallyTyped="false"
    resolveFromConfigFile="true"
    xmlns:xsi="http://www.w3.org/2001/XMLSchema-instance"
    xmlns="https://getpsalm.org/schema/config"
    xsi:schemaLocation="https://getpsalm.org/schema/config vendor/vimeo/psalm/config.xsd"
    errorBaseline="psalm-baseline.xml"
>
    <projectFiles>
        <directory name="src" />
        <ignoreFiles>
            <directory name="vendor" />
        </ignoreFiles>
    </projectFiles>

    <issueHandlers>
        <MissingClosureReturnType errorLevel="info" />

        <PropertyNotSetInConstructor errorLevel="info" />
        <MissingClosureParamType errorLevel="info" />

        <DocblockTypeContradiction errorLevel="info" />
        <RedundantConditionGivenDocblockType errorLevel="info" />

        <InvalidStringClass errorLevel="info" />
    </issueHandlers>
</psalm>
