<?xml version="1.0" encoding="UTF-8"?>
<ruleset name="CakePHP">
    <description>CakePHP coding standard</description>

    <config name="installed_paths" value="../../slevomat/coding-standard,../../../slevomat/coding-standard,../vendor/slevomat/coding-standard"/>

    <exclude-pattern>\.git</exclude-pattern>
    <exclude-pattern>/*/tmp/</exclude-pattern>
    <exclude-pattern>tests/*/templates/*</exclude-pattern>

    <!-- PSR12 Standard -->
    <rule ref="PSR12">
        <exclude name="PSR12.Files.FileHeader.SpacingAfterBlock"/>
        <exclude name="PSR12.Files.FileHeader.IncorrectOrder"/>
        <!--
        Property and method names with underscore prefix are allowed in CakePHP.
        Not using underscore prefix is a recommendation of PSR2, not a requirement.
        -->
        <exclude name="PSR2.Classes.PropertyDeclaration.Underscore"/>
        <exclude name="PSR2.Methods.MethodDeclaration.Underscore"/>
    </rule>

    <!-- Relax rules from PSR12 -->
    <rule ref="PSR1.Classes.ClassDeclaration.MissingNamespace">
        <exclude-pattern>*/config/Migrations/*</exclude-pattern>
        <exclude-pattern>*/config/Seeds/*</exclude-pattern>
    </rule>
    <rule ref="PSR1.Files.SideEffects">
        <exclude-pattern>*/config/*</exclude-pattern>
        <exclude-pattern>*/tests/*</exclude-pattern>
    </rule>
    <rule ref="PSR1.Methods.CamelCapsMethodName">
        <exclude-pattern>*/src/Controller/*</exclude-pattern>
        <exclude-pattern>*/src/Command/*</exclude-pattern>
        <exclude-pattern>*/src/Shell/*</exclude-pattern>
        <exclude-pattern>*/tests/*</exclude-pattern>
    </rule>

    <!-- Additional sniffs outside of PSR12 -->

    <!-- phpcs Generic sniffs -->
    <rule ref="Generic.Arrays.DisallowLongArraySyntax"/>
    <rule ref="Generic.CodeAnalysis.ForLoopShouldBeWhileLoop"/>
    <rule ref="Generic.CodeAnalysis.ForLoopWithTestFunctionCall"/>
    <rule ref="Generic.CodeAnalysis.JumbledIncrementer"/>
    <rule ref="Generic.CodeAnalysis.UnconditionalIfStatement"/>
    <rule ref="Generic.CodeAnalysis.UnnecessaryFinalModifier"/>
    <rule ref="Generic.Files.LineLength">
        <properties>
            <property name="ignoreComments" type="boolean" value="true"/>
        </properties>
        <exclude-pattern>*/tests/*</exclude-pattern>
    </rule>
    <rule ref="Generic.Formatting.NoSpaceAfterCast"/>
    <rule ref="Generic.PHP.DeprecatedFunctions"/>
    <rule ref="Generic.PHP.ForbiddenFunctions"/>
    <rule ref="Generic.PHP.NoSilencedErrors"/>

    <!-- Relax CakePHP rules -->
    <rule ref="CakePHP.Commenting.FunctionComment">
        <exclude-pattern>*/tests/*</exclude-pattern>
    </rule>

    <!-- phpcs Squiz sniffs -->
    <rule ref="Squiz.Arrays.ArrayBracketSpacing"/>
    <rule ref="Squiz.Classes.ClassFileName"/>
    <rule ref="Squiz.Classes.ClassFileName.NoMatch">
        <exclude-pattern>*/config/Migrations/*</exclude-pattern>
    </rule>
    <rule ref="Squiz.Classes.LowercaseClassKeywords"/>
    <rule ref="Squiz.Commenting.DocCommentAlignment"/>
    <rule ref="Squiz.Functions.FunctionDeclarationArgumentSpacing">
        <properties>
            <property name="equalsSpacing" value="1"/>
        </properties>
    </rule>
    <rule ref="Squiz.Operators.ValidLogicalOperators"/>
    <rule ref="Squiz.PHP.DisallowSizeFunctionsInLoops"/>
    <rule ref="Squiz.PHP.Eval"/>
    <rule ref="Squiz.PHP.NonExecutableCode"/>
    <rule ref="Squiz.Scope.MemberVarScope"/>
    <rule ref="Squiz.Scope.StaticThisUsage"/>
    <rule ref="Squiz.WhiteSpace.CastSpacing"/>
    <rule ref="Squiz.WhiteSpace.LanguageConstructSpacing"/>
    <rule ref="Squiz.WhiteSpace.LogicalOperatorSpacing"/>
    <rule ref="Squiz.WhiteSpace.ScopeClosingBrace"/>
    <rule ref="Squiz.WhiteSpace.SemicolonSpacing"/>
    <rule ref="Squiz.WhiteSpace.SuperfluousWhitespace">
        <properties>
            <property name="ignoreBlankLines" type="boolean" value="false"/>
        </properties>
    </rule>

    <!-- Slevomat sniffs-->
    <rule ref="SlevomatCodingStandard.Arrays.TrailingArrayComma"/>
    <rule ref="SlevomatCodingStandard.Classes.ClassConstantVisibility">
        <properties>
            <property name="fixable" type="boolean" value="true"/>
        </properties>
    </rule>
    <rule ref="SlevomatCodingStandard.Classes.EmptyLinesAroundClassBraces">
        <properties>
            <property name="linesCountAfterOpeningBrace" value="0"/>
            <property name="linesCountBeforeClosingBrace" value="0"/>
        </properties>
    </rule>
    <rule ref="SlevomatCodingStandard.Classes.ModernClassNameReference">
        <properties>
            <property name="enableOnObjects" value="false"/>
        </properties>
    </rule>
    <rule ref="SlevomatCodingStandard.Commenting.DisallowOneLinePropertyDocComment"/>
    <rule ref="SlevomatCodingStandard.Commenting.DocCommentSpacing">
        <properties>
            <property name="linesCountBeforeFirstContent" value="0" />
            <property name="linesCountBetweenDescriptionAndAnnotations" value="1" />
            <property name="linesCountBetweenDifferentAnnotationsTypes" value="0" />
            <property name="linesCountBetweenAnnotationsGroups" value="0" />
            <property name="linesCountAfterLastContent" value="0" />
        </properties>
    </rule>
    <rule ref="SlevomatCodingStandard.Commenting.EmptyComment"/>
    <rule ref="SlevomatCodingStandard.Commenting.InlineDocCommentDeclaration">
        <properties>
            <property name="allowDocCommentAboveReturn" type="boolean" value="true" />
        </properties>
        <exclude name="SlevomatCodingStandard.Commenting.InlineDocCommentDeclaration.NoAssignment"/>
        <exclude name="SlevomatCodingStandard.Commenting.InlineDocCommentDeclaration.MissingVariable"/>
    </rule>
    <rule ref="SlevomatCodingStandard.ControlStructures.AssignmentInCondition"/>
    <rule ref="SlevomatCodingStandard.ControlStructures.DisallowContinueWithoutIntegerOperandInSwitch"/>
    <rule ref="SlevomatCodingStandard.ControlStructures.DisallowYodaComparison"/>
    <rule ref="SlevomatCodingStandard.ControlStructures.LanguageConstructWithParentheses"/>
    <rule ref="SlevomatCodingStandard.ControlStructures.NewWithParentheses"/>
    <rule ref="SlevomatCodingStandard.ControlStructures.RequireNullCoalesceOperator"/>
    <rule ref="SlevomatCodingStandard.Exceptions.DeadCatch"/>
    <rule ref="SlevomatCodingStandard.Namespaces.AlphabeticallySortedUses"/>
    <rule ref="SlevomatCodingStandard.Namespaces.FullyQualifiedClassNameInAnnotation">
        <exclude-pattern>*/tests/*</exclude-pattern>
    </rule>
    <rule ref="SlevomatCodingStandard.Namespaces.NamespaceDeclaration"/>
    <rule ref="SlevomatCodingStandard.Namespaces.UnusedUses"/>
    <rule ref="SlevomatCodingStandard.Namespaces.UseDoesNotStartWithBackslash"/>
    <rule ref="SlevomatCodingStandard.Namespaces.UseFromSameNamespace"/>
    <rule ref="SlevomatCodingStandard.Namespaces.UseSpacing">
        <exclude-pattern>*/templates/*</exclude-pattern>
    </rule>
    <rule ref="SlevomatCodingStandard.PHP.ShortList"/>
    <rule ref="SlevomatCodingStandard.PHP.TypeCast"/>
    <rule ref="SlevomatCodingStandard.PHP.UselessParentheses"/>
    <rule ref="SlevomatCodingStandard.PHP.UselessSemicolon"/>
    <rule ref="SlevomatCodingStandard.TypeHints.DeclareStrictTypes">
        <properties>
            <property name="linesCountBeforeDeclare" value="0"/>
            <property name="linesCountAfterDeclare" value="1"/>
            <property name="spacesCountAroundEqualsSign" value="0"/>
            <!-- Property names used in slevomat/coding-standard v6 -->
            <property name="newlinesCountAfterDeclare" value="2"/>
            <property name="newlinesCountBetweenOpenTagAndDeclare" value="1"/>
        </properties>
        <exclude-pattern>*/config/*</exclude-pattern>
        <exclude-pattern>*/templates/*</exclude-pattern>
        <exclude-pattern>*/tests/Fixture/*</exclude-pattern>
    </rule>
    <rule ref="SlevomatCodingStandard.TypeHints.LongTypeHints"/>
    <rule ref="SlevomatCodingStandard.TypeHints.ReturnTypeHintSpacing"/>
    <rule ref="SlevomatCodingStandard.TypeHints.NullableTypeForNullDefaultValue"/>
    <rule ref="SlevomatCodingStandard.TypeHints.ParameterTypeHintSpacing"/>
    <rule ref="SlevomatCodingStandard.Variables.DuplicateAssignmentToVariable"/>

    <!-- phpcs Zend sniffs -->
    <rule ref="Zend.NamingConventions.ValidVariableName">
        <exclude name="Zend.NamingConventions.ValidVariableName.PrivateNoUnderscore"/>
        <exclude name="Zend.NamingConventions.ValidVariableName.ContainsNumbers"/>
        <exclude name="Zend.NamingConventions.ValidVariableName.StringVarContainsNumbers"/>
        <exclude name="Zend.NamingConventions.ValidVariableName.MemberVarContainsNumbers"/>
        <exclude name="Zend.NamingConventions.ValidVariableName.NotCamelCaps"/>
        <exclude name="Zend.NamingConventions.ValidVariableName.MemberVarNotCamelCaps"/>
    </rule>

    <!-- All rules in ./Sniffs are included automatically -->
</ruleset>
